{"cameraMode":{"drawMode":0,"name":"Shaded","section":"Shading Mode"},"sceneLighting":false,"audioPlay":false,"sceneViewState":{"showFog":true,"showMaterialUpdate":false,"showSkybox":false,"showFlares":true,"showImageEffects":true,"showParticleSystems":true},"in2DMode":false,"pivot":{"x":0.3290325105190277,"y":0.26734986901283266,"z":0.04999992251396179},"rotation":{"x":0.28199267387390139,"y":-0.11478167772293091,"z":0.03400249779224396,"w":0.9519193768501282},"size":1.4358453750610352,"orthographic":false}